nome,sobrenome,login,departamento
Adriana,Mila,adriana.mila,Banco de Dados
Agatha,Souza,agatha.souza,Banco de Dados
Alan,Solano,alan.solano,Banco de Dados
Alan,Thales,alan.thales,Banco de Dados
Alan,Simon,alan.simon,Banco de Dados
Alana,Meireles,alana.meireles,Banco de Dados
Aline,Thomas,aline.thomas,Banco de Dados
Aparecida,Sabrina,aparecida.sabrina,Banco de Dados
Augusto,Fabiano,augusto.fabiano,Banco de Dados
Aurora,Paulo,aurora.paulo,Banco de Dados
Aurora,Lozano,aurora.lozano,Banco de Dados
Bernardo,Flávia,bernardo.flávia,Banco de Dados
Camilo,Zambrano,camilo.zambrano,Banco de Dados
Cezar,Queirós,cezar.queirós,Banco de Dados
Daniele,Aragão,daniele.aragão,Banco de Dados
David,Marés,david.marés,Banco de Dados
Denise,Moisés,denise.moisés,Banco de Dados
Ornela,Abreu,ornela.abreu,Banco de Dados
Barreto,Urias,barreto.urias,Banco de Dados
Aranda,Alves,aranda.alves,Banco de Dados
Rezende,Farias,rezende.farias,Banco de Dados
Alessandra,Alcantara,alessandra.alcantara,Banco de Dados
Sales,Junior,sales.junior,Banco de Dados
Ziraldo,Carmona,ziraldo.carmona,Banco de Dados
David,Paes,david.paes,Banco de Dados
Anderson,Leal,anderson.leal,Banco de Dados
Anderson,Romero,anderson.romero,Banco de Dados
Velasques,Serra,velasques.serra,Banco de Dados
Léia,Gomes,léia.gomes,Banco de Dados
Rezende,Quintana,rezende.quintana,Banco de Dados
Bella,Aranda,bella.aranda,Banco de Dados
Artur,Benedito,artur.benedito,Banco de Dados
Mendonça,Jr.,mendonça.jr.,Banco de Dados
Luiz,Juan,luiz.juan,Banco de Dados
de,Souza,de.souza,Banco de Dados
Bezerra,Duarte,bezerra.duarte,Banco de Dados
Rivera,Flores,rivera.flores,Banco de Dados
Estela,Faro,estela.faro,Banco de Dados
Luis,Queirós,luis.queirós,Banco de Dados
Stephany,Neves,stephany.neves,Banco de Dados
Martines,Pacheco,martines.pacheco,Banco de Dados
Isabella,Delgado,isabella.delgado,Banco de Dados
Jean,Branco,jean.branco,Banco de Dados
Heitor,Danilo,heitor.danilo,Banco de Dados
Andres,Diogo,andres.diogo,Banco de Dados
Everton,Arthur,everton.arthur,Banco de Dados
Everton,Tiago,everton.tiago,Banco de Dados
Fátima,Nayara,fátima.nayara,Banco de Dados
Filipe,Gisela,filipe.gisela,Banco de Dados
Flávio,Zambrano,flávio.zambrano,Banco de Dados
Flávio,Regina,flávio.regina,Banco de Dados
Flor,Santana,flor.santana,Banco de Dados
Gean,Gean,gean.gean,Banco de Dados
Gean,Escobar,gean.escobar,Banco de Dados
George,Vega,george.vega,Banco de Dados
Heitor,Emanuel,heitor.emanuel,Banco de Dados
Hugo,Beatriz,hugo.beatriz,Banco de Dados
Isabel,Taís,isabel.taís,Banco de Dados
Isis,Rangel,isis.rangel,Banco de Dados
Isis,Franciele,isis.franciele,Banco de Dados
Isis,Giovane,isis.giovane,Banco de Dados
Jennifer,Ayla,jennifer.ayla,Banco de Dados
Júlia,Rodrigo,júlia.rodrigo,Banco de Dados
Júlio,Inácio,júlio.inácio,Banco de Dados
Katherine,José,katherine.josé,Banco de Dados
Lilian,Laís,lilian.laís,Banco de Dados
Matheus,Carmona,matheus.carmona,Banco de Dados
Maurício,Eric,maurício.eric,Banco de Dados
Melina,Giovane,melina.giovane,Banco de Dados
Melissa,Maia,melissa.maia,Banco de Dados
Nicolas,Poliana,nicolas.poliana,Banco de Dados
Pablo,Vitor,pablo.vitor,Banco de Dados
Renato,Rayane,renato.rayane,Banco de Dados
Ruth,Heitor,ruth.heitor,Banco de Dados
Sebastião,Juliane,sebastião.juliane,Banco de Dados
Sheila,Martinho,sheila.martinho,Banco de Dados
Faro,Galhardo,faro.galhardo,Banco de Dados
Thaís,Kelly,thaís.kelly,Banco de Dados
Alcantara,Ferreira,alcantara.ferreira,Banco de Dados
Giovane,Rezende,giovane.rezende,Banco de Dados
Soto,Melo,soto.melo,Banco de Dados
Lidiane,Nayara,lidiane.nayara,Banco de Dados
Balestero,Aguiar,balestero.aguiar,Banco de Dados
Romero,Delatorre,romero.delatorre,Banco de Dados
Dayane,Valdez,dayane.valdez,Banco de Dados
Gomes,Aranda,gomes.aranda,Banco de Dados
Gil,Leon,gil.leon,Banco de Dados
Samanta,Roque,samanta.roque,Banco de Dados
Leal,Ferreira,leal.ferreira,Banco de Dados
Stephany,Pontes,stephany.pontes,Banco de Dados
Leon,Lennon,leon.lennon,Banco de Dados
Marina,Soto,marina.soto,Banco de Dados
Daiana,Reis,daiana.reis,Banco de Dados
Oliveira,Junior,oliveira.junior,Banco de Dados
Medina,Vega,medina.vega,Banco de Dados
Quintana,Neto,quintana.neto,Banco de Dados
Simon,Ortega,simon.ortega,Banco de Dados
Uchoa,Santacruz,uchoa.santacruz,Banco de Dados
Pontes,Quintana,pontes.quintana,Banco de Dados
Gonçalves,Espinoza,gonçalves.espinoza,Banco de Dados
Diego,Igor,diego.igor,Banco de Dados
Daniela,Madeira,daniela.madeira,Banco de Dados
Cristina,Neves,cristina.neves,Banco de Dados
Luísa,Patrícia,luísa.patrícia,Banco de Dados
Suellen,Serra,suellen.serra,Banco de Dados
Taís,Noel,taís.noel,Banco de Dados
Teobaldo,Lia,teobaldo.lia,Banco de Dados
Thales,Franciele,thales.franciele,Banco de Dados
Vitória,Emília,vitória.emília,Banco de Dados
Viviane,Vasques,viviane.vasques,Banco de Dados
Walter,Madeira,walter.madeira,Banco de Dados
William,Agatha,william.agatha,Banco de Dados
Aaron,Natal,aaron.natal,Blue Team
Adriel,Isabella,adriel.isabella,Blue Team
Alexa,de,alexa.de,Blue Team
Anita,César,anita.césar,Blue Team
Ariane,André,ariane.andré,Blue Team
Aurora,Alessandro,aurora.alessandro,Blue Team
Catarina,Luiz,catarina.luiz,Blue Team
Cláudia,Afonso,cláudia.afonso,Blue Team
Cláudia,Elisa,cláudia.elisa,Blue Team
Rodolfo,Padrão,rodolfo.padrão,Blue Team
Gusmão,Deverso,gusmão.deverso,Blue Team
Cristiano,Sandro,cristiano.sandro,Blue Team
Olga,Toledo,olga.toledo,Blue Team
Lucas,Jefferson,lucas.jefferson,Blue Team
Urias,Fidalgo,urias.fidalgo,Blue Team
Everton,Santos,everton.santos,Blue Team
Salas,Rosa,salas.rosa,Blue Team
Adriano,Lira,adriano.lira,Blue Team
Luis,Vasques,luis.vasques,Blue Team
Regina,Assunção,regina.assunção,Blue Team
Cezar,Carrara,cezar.carrara,Blue Team
Paes,Molina,paes.molina,Blue Team
Cordeiro,Assunção,cordeiro.assunção,Blue Team
Brito,Santiago,brito.santiago,Blue Team
Padrão,Sobrinho,padrão.sobrinho,Blue Team
Alcantara,D'ávila,alcantara.d'ávila,Blue Team
Cristiana,Tatiana,cristiana.tatiana,Blue Team
Mia,de,mia.de,Blue Team
Rodrigo,Júlio,rodrigo.júlio,Blue Team
Espinoza,Galvão,espinoza.galvão,Blue Team
Delatorre,Corona,delatorre.corona,Blue Team
Matos,Arruda,matos.arruda,Blue Team
Thalissa,Souza,thalissa.souza,Blue Team
Elaine,Uchoa,elaine.uchoa,Blue Team
Felipe,Clara,felipe.clara,Blue Team
Filipe,da,filipe.da,Blue Team
Jaqueline,Beatriz,jaqueline.beatriz,Blue Team
Jasmin,Aragão,jasmin.aragão,Blue Team
Jefferson,Martinho,jefferson.martinho,Blue Team
Jonas,da,jonas.da,Blue Team
Júlio,da,júlio.da,Blue Team
Katherine,Ruth,katherine.ruth,Blue Team
Kauan,Santiago,kauan.santiago,Blue Team
Késia,Sergio,késia.sergio,Blue Team
Laís,Raissa,laís.raissa,Blue Team
Leo,de,leo.de,Blue Team
Leo,Aparecida,leo.aparecida,Blue Team
Leo,Roberta,leo.roberta,Blue Team
Lia,Marcos,lia.marcos,Blue Team
Lorena,Michelle,lorena.michelle,Blue Team
Manoela,Caio,manoela.caio,Blue Team
Maraisa,Daniele,maraisa.daniele,Blue Team
Márcia,Verônica,márcia.verônica,Blue Team
Mari,Lia,mari.lia,Blue Team
Marina,Pedro,marina.pedro,Blue Team
Maurício,Velasques,maurício.velasques,Blue Team
Naiara,Gomes,naiara.gomes,Blue Team
Pablo,Grego,pablo.grego,Blue Team
Pedro,Domingues,pedro.domingues,Blue Team
Roberta,Tainara,roberta.tainara,Blue Team
Roberto,Simon,roberto.simon,Blue Team
Sandro,Olívia,sandro.olívia,Blue Team
Silvana,Tiago,silvana.tiago,Blue Team
Carrara,Aguiar,carrara.aguiar,Blue Team
Dante,Paes,dante.paes,Blue Team
D'ávila,Martines,d'ávila.martines,Blue Team
Stephanie,Quintana,stephanie.quintana,Blue Team
Duarte,Fidalgo,duarte.fidalgo,Blue Team
Renan,Henrique,renan.henrique,Blue Team
Nayara,Santos,nayara.santos,Blue Team
Serrano,Sobrinho,serrano.sobrinho,Blue Team
Lorenzo,Andres,lorenzo.andres,Blue Team
Emílio,Ferminiano,emílio.ferminiano,Blue Team
Salazar,Junior,salazar.junior,Blue Team
Lourenço,Espinoza,lourenço.espinoza,Blue Team
Esther,Verdugo,esther.verdugo,Blue Team
Santiago,Espinoza,santiago.espinoza,Blue Team
Wilson,Perez,wilson.perez,Blue Team
Bittencourt,Paes,bittencourt.paes,Blue Team
Renan,Leonardo,renan.leonardo,Blue Team
Caldeira,Furtado,caldeira.furtado,Blue Team
Alice,Gomes,alice.gomes,Blue Team
Carlos,Mascarenhas,carlos.mascarenhas,Blue Team
Gusmão,Tamoio,gusmão.tamoio,Blue Team
Valentin,Arruda,valentin.arruda,Blue Team
Thomas,Duarte,thomas.duarte,Blue Team
Sueli,Augusto,sueli.augusto,Blue Team
Suellen,Sophia,suellen.sophia,Blue Team
Tábata,Kauan,tábata.kauan,Blue Team
Tatiane,Violeta,tatiane.violeta,Blue Team
Teobaldo,Fábio,teobaldo.fábio,Blue Team
Théo,Lira,théo.lira,Blue Team
Valentin,Cervantes,valentin.cervantes,Blue Team
Wagner,Helena,wagner.helena,Blue Team
Walter,Deivid,walter.deivid,Blue Team
Aaron,Marques,aaron.marques,Clientes
Alexa,Sarah,alexa.sarah,Clientes
Analu,Ferreira,analu.ferreira,Clientes
Andressa,Estrada,andressa.estrada,Clientes
Ariana,Jennifer,ariana.jennifer,Clientes
Bia,Fonseca,bia.fonseca,Clientes
Camilo,Marco,camilo.marco,Clientes
César,Perez,césar.perez,Clientes
Cléber,Wesley,cléber.wesley,Clientes
Daiane,David,daiane.david,Clientes
Davi,Rios,davi.rios,Clientes
Agostinho,Aranda,agostinho.aranda,Clientes
Carmona,Faro,carmona.faro,Clientes
João,Neves,joão.neves,Clientes
Thiago,Cristian,thiago.cristian,Clientes
César,Maurício,césar.maurício,Clientes
Rios,Quintana,rios.quintana,Clientes
Cristina,Andréia,cristina.andréia,Clientes
Denis,Verdugo,denis.verdugo,Clientes
Sandoval,Salas,sandoval.salas,Clientes
Lara,Matos,lara.matos,Clientes
Jonas,Lozano,jonas.lozano,Clientes
Liz,Mônica,liz.mônica,Clientes
Deverso,Sobrinho,deverso.sobrinho,Clientes
Amaral,Neto,amaral.neto,Clientes
Madeira,Medina,madeira.medina,Clientes
da,Rosa,da.rosa,Clientes
Emanuelly,Vega,emanuelly.vega,Clientes
Gusmão,Feitosa,gusmão.feitosa,Clientes
Everton,Padilha,everton.padilha,Clientes
Emilly,Padilha,emilly.padilha,Clientes
Felipe,Vila,felipe.vila,Clientes
Emanuel,Benjamin,emanuel.benjamin,Clientes
Eva,Carvalho,eva.carvalho,Clientes
Fátima,Sofia,fátima.sofia,Clientes
Gabriel,Santos,gabriel.santos,Clientes
Gabriel,Adriano,gabriel.adriano,Clientes
Gabriela,Espinoza,gabriela.espinoza,Clientes
Gabriela,Emília,gabriela.emília,Clientes
Jácomo,Moisés,jácomo.moisés,Clientes
Lara,Manuela,lara.manuela,Clientes
Larissa,Rogério,larissa.rogério,Clientes
Leandro,Saraiva,leandro.saraiva,Clientes
Lucas,Benez,lucas.benez,Clientes
Martinho,Cervantes,martinho.cervantes,Clientes
Maximiano,Daniele,maximiano.daniele,Clientes
Máximo,Ávila,máximo.ávila,Clientes
Michael,Salazar,michael.salazar,Clientes
Mirella,Elaine,mirella.elaine,Clientes
Murilo,Fonseca,murilo.fonseca,Clientes
Natália,Furtado,natália.furtado,Clientes
Natan,Bonilha,natan.bonilha,Clientes
Regina,Willian,regina.willian,Clientes
Rodrigo,Olívia,rodrigo.olívia,Clientes
Samuel,Rosana,samuel.rosana,Clientes
Saulo,Quintana,saulo.quintana,Clientes
Sheila,Gil,sheila.gil,Clientes
Breno,Serna,breno.serna,Clientes
Roberta,Lovato,roberta.lovato,Clientes
Fábio,Vasques,fábio.vasques,Clientes
Gomes,Aguiar,gomes.aguiar,Clientes
Sueli,Cervantes,sueli.cervantes,Clientes
Sérgio,Rivera,sérgio.rivera,Clientes
Sanches,Mascarenhas,sanches.mascarenhas,Clientes
Julieta,Rezende,julieta.rezende,Clientes
Alexandre,Arruda,alexandre.arruda,Clientes
Eliane,Fernandes,eliane.fernandes,Clientes
Katherine,Luna,katherine.luna,Clientes
Delgado,Duarte,delgado.duarte,Clientes
Martines,Matias,martines.matias,Clientes
Fonseca,Aranda,fonseca.aranda,Clientes
Samuel,Galvão,samuel.galvão,Clientes
Pérola,Santana,pérola.santana,Clientes
Abgail,Azevedo,abgail.azevedo,Clientes
Vitor,Tamoio,vitor.tamoio,Clientes
Soto,Paz,soto.paz,Clientes
Poliana,Janaina,poliana.janaina,Clientes
Montenegro,Santana,montenegro.santana,Clientes
Danilo,James,danilo.james,Clientes
Denis,de,denis.de,Clientes
Kamila,Mascarenhas,kamila.mascarenhas,Clientes
Stefany,Delatorre,stefany.delatorre,Clientes
Elisa,Rangel,elisa.rangel,Clientes
Marés,Ortega,marés.ortega,Clientes
Richard,Flores,richard.flores,Clientes
Soto,Carrara,soto.carrara,Clientes
Miguel,Estrada,miguel.estrada,Clientes
Catarina,Cruz,catarina.cruz,Clientes
Stella,Saulo,stella.saulo,Clientes
Vanessa,Eunice,vanessa.eunice,Clientes
Wesley,Jimenes,wesley.jimenes,Clientes
Adriano,Márcia,adriano.márcia,Financeiro
Adriano,Mari,adriano.mari,Financeiro
Alice,Joaquin,alice.joaquin,Financeiro
Alonso,Sandoval,alonso.sandoval,Financeiro
Betina,Rodrigues,betina.rodrigues,Financeiro
Betina,Flávio,betina.flávio,Financeiro
Breno,Roberto,breno.roberto,Financeiro
Bruno,Branco,bruno.branco,Financeiro
Camilo,Karina,camilo.karina,Financeiro
Carlos,Edson,carlos.edson,Financeiro
Cláudio,Uchoa,cláudio.uchoa,Financeiro
Cristian,Fidalgo,cristian.fidalgo,Financeiro
Cristina,Isis,cristina.isis,Financeiro
Davi,Gonçalves,davi.gonçalves,Financeiro
Débora,Natal,débora.natal,Financeiro
Diego,Rocha,diego.rocha,Financeiro
Igor,Cordeiro,igor.cordeiro,Financeiro
Liz,Serra,liz.serra,Financeiro
Pacheco,Farias,pacheco.farias,Financeiro
Fonseca,Souza,fonseca.souza,Financeiro
Beltrão,Valentin,beltrão.valentin,Financeiro
Tatiane,Faria,tatiane.faria,Financeiro
Leo,Rodrigues,leo.rodrigues,Financeiro
Flores,Sobrinho,flores.sobrinho,Financeiro
Alice,Sanches,alice.sanches,Financeiro
Lorenzo,Ortiz,lorenzo.ortiz,Financeiro
Aguiar,Queirós,aguiar.queirós,Financeiro
Antônio,Alves,antônio.alves,Financeiro
Wilson,Saraiva,wilson.saraiva,Financeiro
Marta,Ferraz,marta.ferraz,Financeiro
Jerônimo,Deverso,jerônimo.deverso,Financeiro
Heloísa,Barros,heloísa.barros,Financeiro
Eloah,Milene,eloah.milene,Financeiro
Emily,Fátima,emily.fátima,Financeiro
Estela,Felipe,estela.felipe,Financeiro
Everton,Eric,everton.eric,Financeiro
Fábio,Eunice,fábio.eunice,Financeiro
Fernando,Léia,fernando.léia,Financeiro
Gilberto,das,gilberto.das,Financeiro
Giovana,Bella,giovana.bella,Financeiro
Guilherme,Sara,guilherme.sara,Financeiro
Horácio,Estela,horácio.estela,Financeiro
Hugo,Pablo,hugo.pablo,Financeiro
João,de,joão.de,Financeiro
Josefina,Alessandro,josefina.alessandro,Financeiro
Juan,das,juan.das,Financeiro
Júlio,Irene,júlio.irene,Financeiro
Késia,Teles,késia.teles,Financeiro
Laiane,Marinho,laiane.marinho,Financeiro
Léia,Sepúlveda,léia.sepúlveda,Financeiro
Leo,Dener,leo.dener,Financeiro
Luan,Larissa,luan.larissa,Financeiro
Manuel,Sarah,manuel.sarah,Financeiro
Manuela,Simão,manuela.simão,Financeiro
Mariah,Márcio,mariah.márcio,Financeiro
Marília,Salazar,marília.salazar,Financeiro
Mateus,Luísa,mateus.luísa,Financeiro
Maurício,Débora,maurício.débora,Financeiro
Patrícia,Carmona,patrícia.carmona,Financeiro
Rafael,Daniel,rafael.daniel,Financeiro
Rafael,Soares,rafael.soares,Financeiro
Raissa,Serra,raissa.serra,Financeiro
Rosana,Sandoval,rosana.sandoval,Financeiro
Sandro,Artur,sandro.artur,Financeiro
Simon,Agatha,simon.agatha,Financeiro
Gael,Simão,gael.simão,Financeiro
Enzo,Moisés,enzo.moisés,Financeiro
Pereira,das,pereira.das,Financeiro
Gomes,Sobrinho,gomes.sobrinho,Financeiro
Fábio,Vieira,fábio.vieira,Financeiro
Luiz,Martines,luiz.martines,Financeiro
Léia,Flores,léia.flores,Financeiro
Vicente,Flávio,vicente.flávio,Financeiro
Lívia,Aurora,lívia.aurora,Financeiro
Alonso,Dias,alonso.dias,Financeiro
Queirós,Sobrinho,queirós.sobrinho,Financeiro
Adriel,da,adriel.da,Financeiro
Inácio,Christian,inácio.christian,Financeiro
Cauan,Espinoza,cauan.espinoza,Financeiro
Joaquin,David,joaquin.david,Financeiro
Mendes,Teles,mendes.teles,Financeiro
Perez,Vale,perez.vale,Financeiro
Micaela,Rocha,micaela.rocha,Financeiro
Fernando,Franco,fernando.franco,Financeiro
Mateus,Correia,mateus.correia,Financeiro
Yasmin,Benites,yasmin.benites,Financeiro
Constância,Lutero,constância.lutero,Financeiro
Mônica,Sophie,mônica.sophie,Financeiro
Heitor,Oliveira,heitor.oliveira,Financeiro
Juan,Galindo,juan.galindo,Financeiro
Arruda,Vieira,arruda.vieira,Financeiro
Tatiane,Duarte,tatiane.duarte,Financeiro
Vanessa,Diego,vanessa.diego,Financeiro
Victor,Emilly,victor.emilly,Financeiro
Adriano,Neves,adriano.neves,Marketing
Adriel,Feliciano,adriel.feliciano,Marketing
Alessandro,Isis,alessandro.isis,Marketing
Allan,Gabriel,allan.gabriel,Marketing
Alonso,Pedro,alonso.pedro,Marketing
Anita,Franco,anita.franco,Marketing
Antonieta,Oliveira,antonieta.oliveira,Marketing
Artur,Mascarenhas,artur.mascarenhas,Marketing
Benjamin,Ferraz,benjamin.ferraz,Marketing
Camilo,Ronaldo,camilo.ronaldo,Marketing
Cauan,Vinícius,cauan.vinícius,Marketing
César,Ferreira,césar.ferreira,Marketing
Cíntia,Cíntia,cíntia.cíntia,Marketing
Cristóvão,Fátima,cristóvão.fátima,Marketing
Delgado,Filho,delgado.filho,Marketing
Joyce,Cristina,joyce.cristina,Marketing
Cordeiro,Neto,cordeiro.neto,Marketing
Cruz,Diniz,cruz.diniz,Marketing
Sara,Ramires,sara.ramires,Marketing
Ortega,Golveia,ortega.golveia,Marketing
Elaine,Pena,elaine.pena,Marketing
Jean,Márcio,jean.márcio,Marketing
Alessandro,Galvão,alessandro.galvão,Marketing
Quintana,Maia,quintana.maia,Marketing
Alexandre,Santiago,alexandre.santiago,Marketing
Michael,Uchoa,michael.uchoa,Marketing
Emiliano,Guerra,emiliano.guerra,Marketing
Estêvão,Lia,estêvão.lia,Marketing
Fabiana,Toledo,fabiana.toledo,Marketing
Felipe,Valentin,felipe.valentin,Marketing
Filipe,Manuel,filipe.manuel,Marketing
Flor,Soto,flor.soto,Marketing
Flor,Alan,flor.alan,Marketing
Franciele,Lara,franciele.lara,Marketing
Giovana,Sophie,giovana.sophie,Marketing
Heloise,Bittencourt,heloise.bittencourt,Marketing
Isis,Kléber,isis.kléber,Marketing
Jennifer,Théo,jennifer.théo,Marketing
Joaquin,Afonso,joaquin.afonso,Marketing
Josefina,Lorenzo,josefina.lorenzo,Marketing
Lia,Maximiano,lia.maximiano,Marketing
Maísa,George,maísa.george,Marketing
Márcio,Natan,márcio.natan,Marketing
Marco,Verônica,marco.verônica,Marketing
Marcos,Juliano,marcos.juliano,Marketing
Mari,Estela,mari.estela,Marketing
Mariana,Aranda,mariana.aranda,Marketing
Mel,Adriel,mel.adriel,Marketing
Miguel,Alexa,miguel.alexa,Marketing
Naiara,Pérola,naiara.pérola,Marketing
Nathalia,Fabiana,nathalia.fabiana,Marketing
Nero,Flávio,nero.flávio,Marketing
Nicole,Ana,nicole.ana,Marketing
Noa,Vitor,noa.vitor,Marketing
Pérola,de,pérola.de,Marketing
Raquel,Mascarenhas,raquel.mascarenhas,Marketing
Reinaldo,D'ávila,reinaldo.d'ávila,Marketing
Silvana,Adriele,silvana.adriele,Marketing
Rico,Sena,rico.sena,Marketing
Lutero,Cordeiro,lutero.cordeiro,Marketing
André,Quintana,andré.quintana,Marketing
Deivid,Matias,deivid.matias,Marketing
Suellen,Iasmin,suellen.iasmin,Marketing
Gabi,Benez,gabi.benez,Marketing
Furtado,Neves,furtado.neves,Marketing
Tatiane,Valente,tatiane.valente,Marketing
Nicolas,Lira,nicolas.lira,Marketing
Maximiano,Furtado,maximiano.furtado,Marketing
Máximo,Urias,máximo.urias,Marketing
Helena,Chaves,helena.chaves,Marketing
Ariane,Amaral,ariane.amaral,Marketing
Reinaldo,Zaragoça,reinaldo.zaragoça,Marketing
Karen,Galindo,karen.galindo,Marketing
Karina,Sofia,karina.sofia,Marketing
Espinoza,Junior,espinoza.junior,Marketing
D'ávila,Neto,d'ávila.neto,Marketing
Victor,Vicente,victor.vicente,Marketing
Camila,Pâmela,camila.pâmela,Marketing
Deivid,Maia,deivid.maia,Marketing
Rogério,Verdara,rogério.verdara,Marketing
Tábata,Willian,tábata.willian,Marketing
Talita,Débora,talita.débora,Marketing
Thiago,Correia,thiago.correia,Marketing
Violeta,Amaral,violeta.amaral,Marketing
Vitor,Cristian,vitor.cristian,Marketing
Vitória,Daniele,vitória.daniele,Marketing
Adriano,Ivana,adriano.ivana,Red Team
Agostinho,Stefany,agostinho.stefany,Red Team
Anderson,Diana,anderson.diana,Red Team
Ariana,George,ariana.george,Red Team
Carla,Gael,carla.gael,Red Team
Danielle,Elias,danielle.elias,Red Team
Diogo,Eric,diogo.eric,Red Team
Solano,Carrara,solano.carrara,Red Team
Dirce,Azevedo,dirce.azevedo,Red Team
Gustavo,Valência,gustavo.valência,Red Team
Fernandes,Filho,fernandes.filho,Red Team
Isis,Cervantes,isis.cervantes,Red Team
Heitor,Galhardo,heitor.galhardo,Red Team
Amanda,Queirós,amanda.queirós,Red Team
Verdara,Neto,verdara.neto,Red Team
Isabelly,Milene,isabelly.milene,Red Team
Tábata,Rodrigues,tábata.rodrigues,Red Team
Isis,Serra,isis.serra,Red Team
Ícaro,Perez,ícaro.perez,Red Team
Duarte,Camacho,duarte.camacho,Red Team
Simone,Salas,simone.salas,Red Team
Ingrid,Elisa,ingrid.elisa,Red Team
Rodrigo,Meireles,rodrigo.meireles,Red Team
Caio,Souza,caio.souza,Red Team
Sophie,Amaral,sophie.amaral,Red Team
Carrara,Guerra,carrara.guerra,Red Team
Lira,Neto,lira.neto,Red Team
Rogério,Guerra,rogério.guerra,Red Team
Nayara,Lilian,nayara.lilian,Red Team
Gonçalves,Filho,gonçalves.filho,Red Team
Evandro,Bruno,evandro.bruno,Red Team
Fernando,Brito,fernando.brito,Red Team
Francisco,Carlos,francisco.carlos,Red Team
Giovana,Rico,giovana.rico,Red Team
Giovanna,Verdara,giovanna.verdara,Red Team
Heloísa,Carrara,heloísa.carrara,Red Team
Jefferson,Alessandra,jefferson.alessandra,Red Team
Karina,Pietra,karina.pietra,Red Team
Karine,Daniele,karine.daniele,Red Team
Lavínia,Wellington,lavínia.wellington,Red Team
Lia,Perez,lia.perez,Red Team
Luciano,Benites,luciano.benites,Red Team
Luzia,Tessália,luzia.tessália,Red Team
Maicon,Espinoza,maicon.espinoza,Red Team
Mila,Juliane,mila.juliane,Red Team
Moisés,Nicolas,moisés.nicolas,Red Team
Natália,Serra,natália.serra,Red Team
Nelson,Alessandra,nelson.alessandra,Red Team
Ornela,Ohana,ornela.ohana,Red Team
Poliana,Vale,poliana.vale,Red Team
Regiane,Helena,regiane.helena,Red Team
Sebastião,Feliciano,sebastião.feliciano,Red Team
José,Padilha,josé.padilha,Red Team
Sônia,Corona,sônia.corona,Red Team
Cortês,Aguiar,cortês.aguiar,Red Team
Karen,Amaral,karen.amaral,Red Team
da,Silva,da.silva,Red Team
Galhardo,Aguiar,galhardo.aguiar,Red Team
Inácio,Wellington,inácio.wellington,Red Team
Aaron,Marques,aaron.marques,Red Team
Karen,Molina,karen.molina,Red Team
Quintana,Padrão,quintana.padrão,Red Team
Assunção,Gomes,assunção.gomes,Red Team
Rodrigues,Cavalcante,rodrigues.cavalcante,Red Team
Manuel,Marcos,manuel.marcos,Red Team
Wellington,Otávio,wellington.otávio,Red Team
Benites,Junior,benites.junior,Red Team
Mari,Beltrão,mari.beltrão,Red Team
Mari,Domingues,mari.domingues,Red Team
Furtado,Beltrão,furtado.beltrão,Red Team
Cíntia,Gabrielly,cíntia.gabrielly,Red Team
Ana,Thalita,ana.thalita,Red Team
Aranda,Espinoza,aranda.espinoza,Red Team
Melissa,Maldonado,melissa.maldonado,Red Team
Henrique,Galvão,henrique.galvão,Red Team
Allison,das,allison.das,Red Team
Jaqueline,Quintana,jaqueline.quintana,Red Team
Suelen,Solano,suelen.solano,Red Team
Cláudia,Santiago,cláudia.santiago,Red Team
Renato,Marin,renato.marin,Red Team
Samuel,Benez,samuel.benez,Red Team
Camacho,Vale,camacho.vale,Red Team
Francisco,Cervantes,francisco.cervantes,Red Team
Melissa,Corona,melissa.corona,Red Team
Gean,Camacho,gean.camacho,Red Team
Leal,Benites,leal.benites,Red Team
Júlio,Roque,júlio.roque,Red Team
Dener,Vicente,dener.vicente,Red Team
Suellen,Lutero,suellen.lutero,Red Team
Tomás,Ariana,tomás.ariana,Red Team
Adriano,Valentin,adriano.valentin,TI
Alice,Carvalho,alice.carvalho,TI
Allan,Salazar,allan.salazar,TI
Andréia,Vieira,andréia.vieira,TI
Camilo,Roberto,camilo.roberto,TI
Daniele,Aranda,daniele.aranda,TI
Demian,Tiago,demian.tiago,TI
Demian,Valdez,demian.valdez,TI
Ruth,Fidalgo,ruth.fidalgo,TI
Bernardo,Azevedo,bernardo.azevedo,TI
Flávia,Betina,flávia.betina,TI
Dias,Macedo,dias.macedo,TI
Suellen,Oliveira,suellen.oliveira,TI
Vasques,Lutero,vasques.lutero,TI
Davi,Ávila,davi.ávila,TI
Cezar,Torres,cezar.torres,TI
Cláudia,Helena,cláudia.helena,TI
Adriano,Lucas,adriano.lucas,TI
Quintana,Filho,quintana.filho,TI
Alves,Neto,alves.neto,TI
da,Silva,da.silva,TI
Estêvão,Gonçalves,estêvão.gonçalves,TI
Ingrid,Ferminiano,ingrid.ferminiano,TI
Escobar,Barreto,escobar.barreto,TI
Elaine,Carmona,elaine.carmona,TI
Elis,Sales,elis.sales,TI
Elizabeth,Andres,elizabeth.andres,TI
Emily,Valentin,emily.valentin,TI
Ester,Ziraldo,ester.ziraldo,TI
Esther,Alan,esther.alan,TI
Fábio,Lorena,fábio.lorena,TI
Francisco,Paes,francisco.paes,TI
Gabi,Leandro,gabi.leandro,TI
Gabriela,Montenegro,gabriela.montenegro,TI
Ingrid,Irene,ingrid.irene,TI
Isabelly,Cléber,isabelly.cléber,TI
João,Olga,joão.olga,TI
Ketlin,Prado,ketlin.prado,TI
Liz,Vega,liz.vega,TI
Luana,Lidiane,luana.lidiane,TI
Luana,Everton,luana.everton,TI
Luiz,Tainara,luiz.tainara,TI
Luzia,Demian,luzia.demian,TI
Marco,Benez,marco.benez,TI
Mariana,Mendes,mariana.mendes,TI
Maximiano,Urias,maximiano.urias,TI
Miguel,Augusto,miguel.augusto,TI
Nádia,Vila,nádia.vila,TI
Nelson,Pablo,nelson.pablo,TI
Paulo,Clara,paulo.clara,TI
Saulo,Ivan,saulo.ivan,TI
Gisele,Marta,gisele.marta,TI
Augusto,Barreto,augusto.barreto,TI
Edilson,Bernardo,edilson.bernardo,TI
Simão,Benites,simão.benites,TI
Saulo,Heitor,saulo.heitor,TI
Rogério,Santos,rogério.santos,TI
Leonardo,Mendonça,leonardo.mendonça,TI
Santiago,Uchoa,santiago.uchoa,TI
Vitor,Ziraldo,vitor.ziraldo,TI
Melina,Padilha,melina.padilha,TI
Sarah,Casanova,sarah.casanova,TI
João,Valência,joão.valência,TI
Yuri,Pontes,yuri.pontes,TI
Santos,Jr.,santos.jr.,TI
Alexandre,Torres,alexandre.torres,TI
Molina,Tamoio,molina.tamoio,TI
Ramires,Pereira,ramires.pereira,TI
Wellington,Fernando,wellington.fernando,TI
Augotinho,Carrara,augotinho.carrara,TI
Camilo,Lira,camilo.lira,TI
Mirela,Carolina,mirela.carolina,TI
Flores,Paes,flores.paes,TI
Sueli,Ferreira,sueli.ferreira,TI
Téo,Louise,téo.louise,TI
Violeta,Lavínia,violeta.lavínia,TI
Vitor,Tamoio,vitor.tamoio,TI
Wellington,Suelen,wellington.suelen,TI
Adriano,Leal,adriano.leal,Visitantes
Alessandra,Agatha,alessandra.agatha,Visitantes
Alonso,Rosana,alonso.rosana,Visitantes
Ana,Oliveira,ana.oliveira,Visitantes
Ana,Artur,ana.artur,Visitantes
André,Benício,andré.benício,Visitantes
Antonella,Lívia,antonella.lívia,Visitantes
Antonieta,Emanuelly,antonieta.emanuelly,Visitantes
Benedito,Faro,benedito.faro,Visitantes
Caroline,Carmona,caroline.carmona,Visitantes
Cezar,Gabriela,cezar.gabriela,Visitantes
Constância,Alonso,constância.alonso,Visitantes
Daniel,Samara,daniel.samara,Visitantes
Danilo,Valentin,danilo.valentin,Visitantes
Denise,Jácomo,denise.jácomo,Visitantes
Jaqueline,Ramires,jaqueline.ramires,Visitantes
Aragão,Furtado,aragão.furtado,Visitantes
Suzana,Galvão,suzana.galvão,Visitantes
Vanessa,Vale,vanessa.vale,Visitantes
Serra,Neto,serra.neto,Visitantes
Branco,Cordeiro,branco.cordeiro,Visitantes
Agustina,Valência,agustina.valência,Visitantes
Vitória,Leal,vitória.leal,Visitantes
Bezerra,Verdugo,bezerra.verdugo,Visitantes
Galvão,Chaves,galvão.chaves,Visitantes
Bella,Analu,bella.analu,Visitantes
Miguel,Luciano,miguel.luciano,Visitantes
Kevin,Simão,kevin.simão,Visitantes
Téo,Arthur,téo.arthur,Visitantes
Eloá,Vitor,eloá.vitor,Visitantes
Emiliano,Carrara,emiliano.carrara,Visitantes
Emílio,Carvalho,emílio.carvalho,Visitantes
Estêvão,da,estêvão.da,Visitantes
Fábio,Eunice,fábio.eunice,Visitantes
Flor,Santana,flor.santana,Visitantes
Gian,Verdugo,gian.verdugo,Visitantes
Heitor,Elias,heitor.elias,Visitantes
Heloísa,Danielle,heloísa.danielle,Visitantes
Hosana,Santacruz,hosana.santacruz,Visitantes
Isabel,Feliciano,isabel.feliciano,Visitantes
João,José,joão.josé,Visitantes
Karen,Carlos,karen.carlos,Visitantes
Laiane,Márcia,laiane.márcia,Visitantes
Larissa,Roque,larissa.roque,Visitantes
Laura,Isaac,laura.isaac,Visitantes
Letícia,Noelí,letícia.noelí,Visitantes
Marcos,Ferreira,marcos.ferreira,Visitantes
Marina,Sérgio,marina.sérgio,Visitantes
Melinda,Wesley,melinda.wesley,Visitantes
Nelson,Vieira,nelson.vieira,Visitantes
Nero,Willian,nero.willian,Visitantes
Ornela,Fidalgo,ornela.fidalgo,Visitantes
Paloma,Bianca,paloma.bianca,Visitantes
Roberto,Roberta,roberto.roberta,Visitantes
Rogério,Santiago,rogério.santiago,Visitantes
Ronaldo,Pedro,ronaldo.pedro,Visitantes
Sarah,Cervantes,sarah.cervantes,Visitantes
Cléber,Ferreira,cléber.ferreira,Visitantes
Medina,Caldeira,medina.caldeira,Visitantes
Luana,Kamila,luana.kamila,Visitantes
Perez,Aguiar,perez.aguiar,Visitantes
Artur,Domingues,artur.domingues,Visitantes
Walter,Soto,walter.soto,Visitantes
Gil,Torres,gil.torres,Visitantes
Gean,Delatorre,gean.delatorre,Visitantes
Ortiz,Muniz,ortiz.muniz,Visitantes
Fábio,Ávila,fábio.ávila,Visitantes
Guerra,Paz,guerra.paz,Visitantes
Thalita,Faria,thalita.faria,Visitantes
Camila,Esteves,camila.esteves,Visitantes
Raphael,Dominato,raphael.dominato,Visitantes
Agustina,Galvão,agustina.galvão,Visitantes
Cervantes,Sobrinho,cervantes.sobrinho,Visitantes
Samara,Gomes,samara.gomes,Visitantes
Fabiano,Bruno,fabiano.bruno,Visitantes
Marcelo,Carmona,marcelo.carmona,Visitantes
Lia,Montenegro,lia.montenegro,Visitantes
Caio,Garcia,caio.garcia,Visitantes
Carvalho,Assunção,carvalho.assunção,Visitantes
Renato,Benez,renato.benez,Visitantes
Filipe,Sanches,filipe.sanches,Visitantes
Bella,Velasques,bella.velasques,Visitantes
Ingrid,Aguiar,ingrid.aguiar,Visitantes
Paola,Marinho,paola.marinho,Visitantes
Arthur,Camacho,arthur.camacho,Visitantes
Camilo,Galvão,camilo.galvão,Visitantes
Arthur,Guerra,arthur.guerra,Visitantes
Delvalle,Matos,delvalle.matos,Visitantes
D'ávila,Fonseca,d'ávila.fonseca,Visitantes
Stephanie,Eunice,stephanie.eunice,Visitantes
Tâmara,Alícia,tâmara.alícia,Visitantes
Tatiana,Lucio,tatiana.lucio,Visitantes
Thaís,Padilha,thaís.padilha,Visitantes
Violeta,Roque,violeta.roque,Visitantes
Alana,Salazar,alana.salazar,Administração
Alessandro,Vieira,alessandro.vieira,Administração
Alexandre,Uchoa,alexandre.uchoa,Administração
Andréa,Souza,andréa.souza,Administração
Andres,Espinoza,andres.espinoza,Administração
Andressa,Cláudio,andressa.cláudio,Administração
Bárbara,Mirella,bárbara.mirella,Administração
Bia,Lozano,bia.lozano,Administração
Bruna,Cláudio,bruna.cláudio,Administração
Bruno,Lia,bruno.lia,Administração
Catarina,Mariana,catarina.mariana,Administração
Cauan,Sepúlveda,cauan.sepúlveda,Administração
Cauan,Cláudio,cauan.cláudio,Administração
Cléber,Filipe,cléber.filipe,Administração
Daniela,Ramires,daniela.ramires,Administração
Danilo,Sophia,danilo.sophia,Administração
Dante,Alessandro,dante.alessandro,Administração
David,Luiza,david.luiza,Administração
Dayana,Michael,dayana.michael,Administração
Dayane,Vitor,dayane.vitor,Administração
Diogo,Wesley,diogo.wesley,Administração
Sandro,Corona,sandro.corona,Administração
Erik,Torres,erik.torres,Administração
Roberta,Velasques,roberta.velasques,Administração
Isis,Zaragoça,isis.zaragoça,Administração
Pereira,Sobrinho,pereira.sobrinho,Administração
de,Oliveira,de.oliveira,Administração
Allison,Lúcia,allison.lúcia,Administração
da,Cruz,da.cruz,Administração
Beltrão,Neto,beltrão.neto,Administração
Jácomo,Bonilha,jácomo.bonilha,Administração
Rayane,das,rayane.das,Administração
Enzo,Ferraz,enzo.ferraz,Administração
Colaço,Flores,colaço.flores,Administração
James,Velasques,james.velasques,Administração
Alexa,Malena,alexa.malena,Administração
Micaela,Faro,micaela.faro,Administração
Vinícius,Ramos,vinícius.ramos,Administração
Aguiar,Ferreira,aguiar.ferreira,Administração
Paes,Lemes,paes.lemes,Administração
Bia,Maia,bia.maia,Administração
Cláudia,Rosa,cláudia.rosa,Administração
José,Pacheco,josé.pacheco,Administração
Luna,Azevedo,luna.azevedo,Administração
Eric,Tamoio,eric.tamoio,Administração
Galindo,Freire,galindo.freire,Administração
Domingues,Rodrigues,domingues.rodrigues,Administração
Thomas,Giovane,thomas.giovane,Administração
Flores,Dias,flores.dias,Administração
Solano,Ferminiano,solano.ferminiano,Administração
Ricardo,Feliciano,ricardo.feliciano,Administração
Ferreira,Jr.,ferreira.jr.,Administração
Pedrosa,Ferreira,pedrosa.ferreira,Administração
Godói,Filho,godói.filho,Administração
Eva,Gonçalves,eva.gonçalves,Administração
Daniella,Benez,daniella.benez,Administração
Luciana,Carvalho,luciana.carvalho,Administração
Salazar,de,salazar.de,Administração
Demian,Luis,demian.luis,Administração
Ramires,Luiz,ramires.luiz,Administração
Alícia,Paz,alícia.paz,Administração
Mário,Ferreira,mário.ferreira,Administração
Aline,Carvalho,aline.carvalho,Administração
Antônio,Salas,antônio.salas,Administração
Galvão,Bueno,galvão.bueno,Administração
Leo,Furtado,leo.furtado,Administração
Afonso,Medina,afonso.medina,Administração
Lorena,Rosana,lorena.rosana,Administração
Alessandro,Campos,alessandro.campos,Administração
Davi,Delatorre,davi.delatorre,Administração
Lia,Yohanna,lia.yohanna,Administração
Ian,Rodrigo,ian.rodrigo,Administração
Cortês,Vieira,cortês.vieira,Administração
Eduarda,Ruth,eduarda.ruth,Administração
Eduardo,Thaís,eduardo.thaís,Administração
Elaine,Wellington,elaine.wellington,Administração
Eliane,Sandro,eliane.sandro,Administração
Ellen,Tomás,ellen.tomás,Administração
Ellen,Deivid,ellen.deivid,Administração
Eric,Valentin,eric.valentin,Administração
Esther,Abgail,esther.abgail,Administração
Esther,Mayara,esther.mayara,Administração
Esther,Pereira,esther.pereira,Administração
Fabiana,Mel,fabiana.mel,Administração
Fabiano,Márcia,fabiano.márcia,Administração
Felipe,Luciana,felipe.luciana,Administração
Fernando,Madalena,fernando.madalena,Administração
Flor,Molina,flor.molina,Administração
Francisco,Enzo,francisco.enzo,Estagiários
Franco,Faro,franco.faro,Estagiários
George,Rogério,george.rogério,Estagiários
Gian,Marcos,gian.marcos,Estagiários
Gustavo,William,gustavo.william,Estagiários
Heloísa,Gisela,heloísa.gisela,Estagiários
Henrique,Mônica,henrique.mônica,Estagiários
Ícaro,Cynthia,ícaro.cynthia,Estagiários
Ingrid,Mendes,ingrid.mendes,Estagiários
Irene,Sabrina,irene.sabrina,Estagiários
Isaac,Matias,isaac.matias,Estagiários
Ivan,Melina,ivan.melina,Estagiários
Ivan,Ferminiano,ivan.ferminiano,Estagiários
Jaqueline,Sales,jaqueline.sales,Estagiários
Jasmin,Dener,jasmin.dener,Estagiários
Jefferson,Lia,jefferson.lia,Estagiários
Jefferson,de,jefferson.de,Estagiários
Jefferson,das,jefferson.das,Estagiários
Jerônimo,Santiago,jerônimo.santiago,Estagiários
Joaquin,Colaço,joaquin.colaço,Estagiários
Joaquin,Nathalia,joaquin.nathalia,Estagiários
Joaquin,Laís,joaquin.laís,Estagiários
Jorge,Rocha,jorge.rocha,Estagiários
Julieta,Paloma,julieta.paloma,Estagiários
Katherine,Maldonado,katherine.maldonado,Estagiários
Kauan,Stefany,kauan.stefany,Estagiários
Laiane,Rivera,laiane.rivera,Estagiários
Laura,Eva,laura.eva,Estagiários
Lavínia,Sophie,lavínia.sophie,Estagiários
Lavínia,Samuel,lavínia.samuel,Estagiários
Lia,Ricardo,lia.ricardo,Estagiários
Lidiane,Madalena,lidiane.madalena,Vendas
Liz,Denis,liz.denis,Vendas
Lorena,Graziela,lorena.graziela,Vendas
Lorenzo,Cezar,lorenzo.cezar,Vendas
Luara,Dayane,luara.dayane,Vendas
Lucio,Eduardo,lucio.eduardo,Vendas
Madalena,José,madalena.josé,Vendas
Maísa,Benez,maísa.benez,Vendas
Malu,Mateus,malu.mateus,Vendas
Maraisa,Cruz,maraisa.cruz,Vendas
Marcelo,Luan,marcelo.luan,Vendas
Marco,Lavínia,marco.lavínia,Vendas
Marco,Cruz,marco.cruz,Vendas
Marcos,Vale,marcos.vale,Vendas
Matheus,Katherine,matheus.katherine,Vendas
Maximiano,Ariane,maximiano.ariane,Vendas
Maya,Fernandes,maya.fernandes,Vendas
Michael,Ícaro,michael.ícaro,Vendas
Michele,Alice,michele.alice,Vendas
Michelle,de,michelle.de,Vendas
Miranda,Branco,miranda.branco,Vendas
Mirela,Luana,mirela.luana,Vendas
Mirella,Aparecida,mirella.aparecida,Vendas
Naiara,Camacho,naiara.camacho,Vendas
Natan,Esteves,natan.esteves,Vendas
Nicolas,Cristiano,nicolas.cristiano,Vendas
Ohana,Sarah,ohana.sarah,Vendas
Pablo,Santana,pablo.santana,Vendas
Paloma,Mary,paloma.mary,Vendas
Paola,Velasques,paola.velasques,Vendas
Paola,Mari,paola.mari,Vendas
Paula,Adriano,paula.adriano,Vendas
Paulo,Karen,paulo.karen,Vendas
Poliana,Gusmão,poliana.gusmão,Vendas
Rafaela,Artur,rafaela.artur,Vendas
Raphael,de,raphael.de,Vendas
Rayane,Olívia,rayane.olívia,Vendas
Rosana,Eloá,rosana.eloá,Vendas
Sergio,André,sergio.andré,Vendas
Sheila,Carla,sheila.carla,Vendas
Silvana,Robson,silvana.robson,Vendas
Silvana,Flávio,silvana.flávio,Vendas
Sophia,Samara,sophia.samara,Vendas
Sophia,Alessandra,sophia.alessandra,Vendas
Gomes,Colaço,gomes.colaço,Vendas
Tatiana,Batista,tatiana.batista,Vendas
Henrique,Jefferson,henrique.jefferson,Vendas
Aranda,Serna,aranda.serna,Vendas
Lozano,Carrara,lozano.carrara,Vendas
Gustavo,Nelson,gustavo.nelson,Vendas
Bernardo,Emiliano,bernardo.emiliano,Vendas
Lara,Rangel,lara.rangel,Vendas
Emanuel,José,emanuel.josé,Vendas
Bárbara,Tamoio,bárbara.tamoio,Vendas
Pietra,Lira,pietra.lira,Vendas
Deivid,Freitas,deivid.freitas,Vendas
Barros,Oliveira,barros.oliveira,Vendas
Leonardo,Zaragoça,leonardo.zaragoça,Vendas
Ian,Deverso,ian.deverso,Vendas
Vinícius,Ortiz,vinícius.ortiz,Vendas
Natan,Oliveira,natan.oliveira,Vendas
Bianca,Cortês,bianca.cortês,Vendas
Sanches,Torres,sanches.torres,Vendas
Arruda,Santiago,arruda.santiago,Vendas
Noa,Daiane,noa.daiane,Vendas
Abgail,Galvão,abgail.galvão,Vendas
Fátima,Amaral,fátima.amaral,Vendas
Walter,Gonçalves,walter.gonçalves,Vendas
Valente,Reis,valente.reis,Vendas
Carvalho,Filho,carvalho.filho,Vendas
Caio,Pontes,caio.pontes,Vendas
Ivan,Roque,ivan.roque,Vendas
Norma,Gil,norma.gil,Vendas
Paulo,Lorenzo,paulo.lorenzo,Vendas
Taís,Batista,taís.batista,Vendas
Graziela,Viviane,graziela.viviane,Vendas
Lilian,Delvalle,lilian.delvalle,Vendas
Suelen,Vale,suelen.vale,Vendas
Erik,Cruz,erik.cruz,Vendas
Maurício,Kauan,maurício.kauan,Vendas
Madeira,Verdugo,madeira.verdugo,Vendas
Patrícia,Padrão,patrícia.padrão,Vendas
Amaral,Assunção,amaral.assunção,Vendas
Sales,Sobrinho,sales.sobrinho,Vendas
Roque,Sobrinho,roque.sobrinho,Vendas
Rebeca,Montenegro,rebeca.montenegro,Vendas
Máximo,Richard,máximo.richard,Vendas
Deivid,Ramos,deivid.ramos,Vendas
Gael,Escobar,gael.escobar,Vendas
Lourenço,Souza,lourenço.souza,Vendas
Antonieta,Denise,antonieta.denise,Vendas
Bárbara,Teles,bárbara.teles,Vendas
Kevin,Cordeiro,kevin.cordeiro,Vendas
Rangel,Cortês,rangel.cortês,Vendas
Mirella,Lavínia,mirella.lavínia,Vendas
Zamana,Neto,zamana.neto,Vendas
Martinho,das,martinho.das,Vendas
Aurora,Suzana,aurora.suzana,Vendas
Thiago,Fidalgo,thiago.fidalgo,Vendas
Flávia,Garcia,flávia.garcia,Vendas
Horácio,Nicolas,horácio.nicolas,Vendas
Kauan,Allan,kauan.allan,Vendas
Giovanna,Constância,giovanna.constância,Vendas
Pacheco,Espinoza,pacheco.espinoza,Vendas
Thalissa,Mendonça,thalissa.mendonça,Vendas
Rayane,Paes,rayane.paes,Vendas
Mila,Cortês,mila.cortês,Vendas
Noelí,Romero,noelí.romero,Vendas
Vitória,Denise,vitória.denise,Vendas
Patrícia,Amaral,patrícia.amaral,Vendas
Manuela,Sandra,manuela.sandra,Vendas
Abreu,Abreu,abreu.abreu,Vendas
Constância,Faria,constância.faria,Vendas
Igor,Dominato,igor.dominato,Vendas
Mila,Paula,mila.paula,Vendas
Martinho,Domingues,martinho.domingues,Vendas
Angélica,Pérola,angélica.pérola,Vendas
Clara,Marques,clara.marques,Vendas
Bonilha,Filho,bonilha.filho,Vendas
Thales,Alcantara,thales.alcantara,Vendas
Cristiano,Emílio,cristiano.emílio,Vendas
Wellington,Pena,wellington.pena,Vendas
Santacruz,Lourenço,santacruz.lourenço,Vendas
Marés,Carmona,marés.carmona,Vendas
Sueli,Oliveira,sueli.oliveira,Vendas
Tainara,Elaine,tainara.elaine,Vendas
Tainara,Camilo,tainara.camilo,Vendas
Tatiana,Raysa,tatiana.raysa,Vendas
Thaís,Ketlin,thaís.ketlin,Vendas
Tiago,Evandro,tiago.evandro,Vendas
Verônica,Santacruz,verônica.santacruz,Vendas
Vicente,Rodolfo,vicente.rodolfo,Vendas
Vicente,Barreto,vicente.barreto,Vendas
Vicente,Adriele,vicente.adriele,Vendas
Vitor,Maia,vitor.maia,Vendas
Viviane,Gabrielly,viviane.gabrielly,Vendas
Walter,Gean,walter.gean,Vendas
Walter,Mateus,walter.mateus,Vendas
William,Gomes,william.gomes,Vendas
Willian,Feliciano,willian.feliciano,Vendas
Wilson,Antonieta,wilson.antonieta,Vendas
